id,name,code,chart_template_id/id,group_id/id,user_type_id/id,reconcile
account_sc_11500000,Reserves per pèrdues i guanys actuarials i altres ajustos,11500000,somconnexio.account_chart_template_sc,somconnexio.account_group_115,account.data_account_type_non_current_liabilities,
account_sc_12000017,Romanent exercici 2017,12000017,somconnexio.account_chart_template_sc,l10n_es.account_group_120,account.data_account_type_non_current_liabilities,
account_sc_12000018,Romanent exercici 2018,12000018,somconnexio.account_chart_template_sc,l10n_es.account_group_120,account.data_account_type_non_current_liabilities,
account_sc_12100015,Resultat negatiu exercici 2015,12100015,somconnexio.account_chart_template_sc,l10n_es.account_group_121,account.data_account_type_non_current_liabilities,
account_sc_12100016,Resultat negatiu exercici 2016,12100016,somconnexio.account_chart_template_sc,l10n_es.account_group_121,account.data_account_type_non_current_liabilities,
account_sc_12100017,Resultat negatiu exercici 2017,12100017,somconnexio.account_chart_template_sc,l10n_es.account_group_121,account.data_account_type_non_current_liabilities,
account_sc_13200001,Subv. Generalitat Catalunya projecte Singulars,13200001,somconnexio.account_chart_template_sc,l10n_es.account_group_132,account.data_account_type_non_current_liabilities,
account_sc_13200002,Subv. Ajuntament Barcelona Prom. i reforç E.S.,13200002,somconnexio.account_chart_template_sc,l10n_es.account_group_132,account.data_account_type_non_current_liabilities,
account_sc_14000000,Provisió per retribucions a llarg termini personal,14000000,somconnexio.account_chart_template_sc,l10n_es.account_group_140,account.data_account_type_non_current_liabilities,
account_sc_14800000,"Fons d'Educació, formació i promoció, llarg termini",14800000,somconnexio.account_chart_template_sc,l10n_es.account_group_14,account.data_account_type_non_current_liabilities,
account_sc_15600000,Capital reemborsable a L/P,15600000,somconnexio.account_chart_template_sc,somconnexio.account_group_156,account.data_account_type_non_current_liabilities,
account_sc_20100001,Desarrollo DOXSER,20100001,somconnexio.account_chart_template_sc,l10n_es.account_group_201,account.data_account_type_fixed_assets,
account_sc_20100002,Desarrollo ERP,20100002,somconnexio.account_chart_template_sc,l10n_es.account_group_201,account.data_account_type_fixed_assets,
account_sc_20100003,Desarrollo WEB,20100003,somconnexio.account_chart_template_sc,l10n_es.account_group_201,account.data_account_type_fixed_assets,
account_sc_20100004,Campaña CHOQUE,20100004,somconnexio.account_chart_template_sc,l10n_es.account_group_201,account.data_account_type_fixed_assets,
account_sc_20100005,Desarrollo ADSL Orange,20100005,somconnexio.account_chart_template_sc,l10n_es.account_group_201,account.data_account_type_fixed_assets,
account_sc_20100006,Desarrollo ADSL Guifi.net,20100006,somconnexio.account_chart_template_sc,l10n_es.account_group_201,account.data_account_type_fixed_assets,
account_sc_20100007,Desarrollo IP fija,20100007,somconnexio.account_chart_template_sc,l10n_es.account_group_201,account.data_account_type_fixed_assets,
account_sc_20101701,Desenv. nova marca Som Connexió 2017,20101701,somconnexio.account_chart_template_sc,l10n_es.account_group_201,account.data_account_type_fixed_assets,
account_sc_20101703,Desarrollo nova WEB 2017,20101703,somconnexio.account_chart_template_sc,l10n_es.account_group_201,account.data_account_type_fixed_assets,
account_sc_20101704,Desenv. ERP 2017,20101704,somconnexio.account_chart_template_sc,l10n_es.account_group_201,account.data_account_type_fixed_assets,
account_sc_20101803,Desarrollo nova WEB 2018,20101803,somconnexio.account_chart_template_sc,l10n_es.account_group_201,account.data_account_type_fixed_assets,
account_sc_20101804,Desenv. ERP 2018,20101804,somconnexio.account_chart_template_sc,l10n_es.account_group_201,account.data_account_type_fixed_assets,
account_sc_20101805,Desenv. ERP Opencell 2018,20101805,somconnexio.account_chart_template_sc,l10n_es.account_group_201,account.data_account_type_fixed_assets,
account_sc_20101901,Desenv. OTRS 2019,20101901,somconnexio.account_chart_template_sc,l10n_es.account_group_201,account.data_account_type_fixed_assets,
account_sc_20101903,Desarrollo nova WEB 2019,20101903,somconnexio.account_chart_template_sc,l10n_es.account_group_201,account.data_account_type_fixed_assets,
account_sc_20102001,Desenv. Oficina Virtual 2020,20102001,somconnexio.account_chart_template_sc,l10n_es.account_group_201,account.data_account_type_fixed_assets,
account_sc_20601801,Aplicació gestió tiquets (Exevi SL),20601801,somconnexio.account_chart_template_sc,l10n_es.account_group_206,account.data_account_type_fixed_assets,
account_sc_21301701,Plegadora 2017,21301701,somconnexio.account_chart_template_sc,l10n_es.account_group_213,account.data_account_type_fixed_assets,
account_sc_21500001,Terminal centraleta,21500001,somconnexio.account_chart_template_sc,l10n_es.account_group_215,account.data_account_type_fixed_assets,
account_sc_21601801,Mobiliari 2018,21601801,somconnexio.account_chart_template_sc,l10n_es.account_group_216,account.data_account_type_fixed_assets,
account_sc_21601901,Mobiliari 2019,21601901,somconnexio.account_chart_template_sc,l10n_es.account_group_216,account.data_account_type_fixed_assets,
account_sc_21700020,Monitors 2017,21700020,somconnexio.account_chart_template_sc,l10n_es.account_group_217,account.data_account_type_fixed_assets,
account_sc_21700030,Ordinadors 2017,21700030,somconnexio.account_chart_template_sc,l10n_es.account_group_217,account.data_account_type_fixed_assets,
account_sc_21701702,Monitors 2017,21701702,somconnexio.account_chart_template_sc,l10n_es.account_group_217,account.data_account_type_fixed_assets,
account_sc_21701703,Ordinadors 2017,21701703,somconnexio.account_chart_template_sc,l10n_es.account_group_217,account.data_account_type_fixed_assets,
account_sc_21701710,Routers ADSL,21701710,somconnexio.account_chart_template_sc,l10n_es.account_group_217,account.data_account_type_fixed_assets,
account_sc_21701801,Components informàtics varis 2018,21701801,somconnexio.account_chart_template_sc,l10n_es.account_group_217,account.data_account_type_fixed_assets,
account_sc_21701802,Monitors 2018,21701802,somconnexio.account_chart_template_sc,l10n_es.account_group_217,account.data_account_type_fixed_assets,
account_sc_21701803,Ordinadors 2018,21701803,somconnexio.account_chart_template_sc,l10n_es.account_group_217,account.data_account_type_fixed_assets,
account_sc_21701804,Projector 2018,21701804,somconnexio.account_chart_template_sc,l10n_es.account_group_217,account.data_account_type_fixed_assets,
account_sc_21701810,Routers ADSL 2018,21701810,somconnexio.account_chart_template_sc,l10n_es.account_group_217,account.data_account_type_fixed_assets,
account_sc_21701901,Components informàtics varis 2019,21701901,somconnexio.account_chart_template_sc,l10n_es.account_group_217,account.data_account_type_fixed_assets,
account_sc_21701902,Monitors 2019,21701902,somconnexio.account_chart_template_sc,l10n_es.account_group_217,account.data_account_type_fixed_assets,
account_sc_21701903,Ordinadors 2019,21701903,somconnexio.account_chart_template_sc,l10n_es.account_group_217,account.data_account_type_fixed_assets,
account_sc_21701910,Routers ADSL 2019,21701910,somconnexio.account_chart_template_sc,l10n_es.account_group_217,account.data_account_type_fixed_assets,
account_sc_21702003,Ordinadors 2020,21702003,somconnexio.account_chart_template_sc,l10n_es.account_group_217,account.data_account_type_fixed_assets,
account_sc_21900001,Terminal Centralita,21900001,somconnexio.account_chart_template_sc,l10n_es.account_group_219,account.data_account_type_fixed_assets,
account_sc_21900002,Telèfon Samsung A3,21900002,somconnexio.account_chart_template_sc,l10n_es.account_group_219,account.data_account_type_fixed_assets,
account_sc_21901702,Telèfon Samsung A3,21901702,somconnexio.account_chart_template_sc,l10n_es.account_group_219,account.data_account_type_fixed_assets,
account_sc_21901801,Telèfon sobretaula NEO 4500,21901801,somconnexio.account_chart_template_sc,l10n_es.account_group_219,account.data_account_type_fixed_assets,
account_sc_21901901,Telèfon ZTE Blade V8 Lite 16Gb dual SIM,21901901,somconnexio.account_chart_template_sc,l10n_es.account_group_219,account.data_account_type_fixed_assets,
account_sc_24040001,Més Opcions SCCL,24040001,somconnexio.account_chart_template_sc,l10n_es.account_group_2404,account.data_account_type_fixed_assets,
account_sc_24040002,Coop 57,24040002,somconnexio.account_chart_template_sc,l10n_es.account_group_2404,account.data_account_type_fixed_assets,
account_sc_24040003,Oinarri S.G.R.,24040003,somconnexio.account_chart_template_sc,l10n_es.account_group_2404,account.data_account_type_fixed_assets,
account_sc_24040004,Fiare Banca Ética,24040004,somconnexio.account_chart_template_sc,l10n_es.account_group_2404,account.data_account_type_fixed_assets,
account_sc_24940001,Més Opcions capital pendent,24940001,somconnexio.account_chart_template_sc,l10n_es.account_group_2494,account.data_account_type_fixed_assets,
account_sc_24940005,Coop 57 Capital pendent,24940005,somconnexio.account_chart_template_sc,l10n_es.account_group_2494,account.data_account_type_fixed_assets,
account_sc_26500017,Depósito aval Orange Espagne,26500017,somconnexio.account_chart_template_sc,l10n_es.account_group_265,account.data_account_type_fixed_assets,
account_sc_28010001,Amortiz. acumul. DOXSER,28010001,somconnexio.account_chart_template_sc,l10n_es.account_group_2801,account.data_account_type_fixed_assets,
account_sc_28010002,Amortitz. Acumul. ERP,28010002,somconnexio.account_chart_template_sc,l10n_es.account_group_2801,account.data_account_type_fixed_assets,
account_sc_28010003,Amortitz. Acumul. WEB,28010003,somconnexio.account_chart_template_sc,l10n_es.account_group_2801,account.data_account_type_fixed_assets,
account_sc_28010004,Amortiz. Acumul. Campaña Choque,28010004,somconnexio.account_chart_template_sc,l10n_es.account_group_2801,account.data_account_type_fixed_assets,
account_sc_28010006,Amortiz. Acumul. Desarrollo Guifi Net,28010006,somconnexio.account_chart_template_sc,l10n_es.account_group_2801,account.data_account_type_fixed_assets,
account_sc_28010007,Amortiz. Acumul. Desarrollo IP fija,28010007,somconnexio.account_chart_template_sc,l10n_es.account_group_2801,account.data_account_type_fixed_assets,
account_sc_28011803,Amortiz. Acumul. Desenvol.nova WEB 2018,28011803,somconnexio.account_chart_template_sc,l10n_es.account_group_2801,account.data_account_type_fixed_assets,
account_sc_28011804,Amortiz. Acumul. Desenvol. ERP 2018,28011804,somconnexio.account_chart_template_sc,l10n_es.account_group_2801,account.data_account_type_fixed_assets,
account_sc_28011901,Amortiz. Acumul. Desenv. OTRS 2019,28011901,somconnexio.account_chart_template_sc,l10n_es.account_group_2801,account.data_account_type_fixed_assets,
account_sc_28011903,Amortiz. Acumul. Desenvol.nova WEB 2019,28011903,somconnexio.account_chart_template_sc,l10n_es.account_group_2801,account.data_account_type_fixed_assets,
account_sc_28017001,Amortiz. Acumul. nova marca Som Connexió,28017001,somconnexio.account_chart_template_sc,l10n_es.account_group_2801,account.data_account_type_fixed_assets,
account_sc_28017003,Amortiz. Acumul. Desenvol.nova WEB,28017003,somconnexio.account_chart_template_sc,l10n_es.account_group_2801,account.data_account_type_fixed_assets,
account_sc_28017004,Amortiz. Acumul. Desenvol. ERP 2017,28017004,somconnexio.account_chart_template_sc,l10n_es.account_group_2801,account.data_account_type_fixed_assets,
account_sc_28017005,Amortiz. Acumul. Aplic. gestió tickets 2017,28017005,somconnexio.account_chart_template_sc,l10n_es.account_group_2801,account.data_account_type_fixed_assets,
account_sc_28061801,Amortizació acumulada Aplicació gestió tiquets (Exevi SL),28061801,somconnexio.account_chart_template_sc,l10n_es.account_group_2806,account.data_account_type_fixed_assets,
account_sc_28150001,Amortitz. Acumul. centraleta,28150001,somconnexio.account_chart_template_sc,l10n_es.account_group_2815,account.data_account_type_fixed_assets,
account_sc_28161801,Amortización acumulada mobiliari 2018,28161801,somconnexio.account_chart_template_sc,l10n_es.account_group_2816,account.data_account_type_fixed_assets,
account_sc_28161901,Amortització acumulada mobiliari 2019,28161901,somconnexio.account_chart_template_sc,l10n_es.account_group_2816,account.data_account_type_fixed_assets,
account_sc_28171702,Amortització acumulada Monitors 2017,28171702,somconnexio.account_chart_template_sc,l10n_es.account_group_2817,account.data_account_type_fixed_assets,
account_sc_28171703,Amortització acumulada Ordinadors 2017,28171703,somconnexio.account_chart_template_sc,l10n_es.account_group_2817,account.data_account_type_fixed_assets,
account_sc_28171710,Amortització acumulada Routers ADSL,28171710,somconnexio.account_chart_template_sc,l10n_es.account_group_2817,account.data_account_type_fixed_assets,
account_sc_28171801,Amortització acumulada Components Informàtics Varis 2018,28171801,somconnexio.account_chart_template_sc,l10n_es.account_group_2817,account.data_account_type_fixed_assets,
account_sc_28171802,Amortització acumulada Monitors 2018,28171802,somconnexio.account_chart_template_sc,l10n_es.account_group_2817,account.data_account_type_fixed_assets,
account_sc_28171803,Amortització acumulada Ordinadors 2018,28171803,somconnexio.account_chart_template_sc,l10n_es.account_group_2817,account.data_account_type_fixed_assets,
account_sc_28171804,Amortització acumulada Components informàtics 2018,28171804,somconnexio.account_chart_template_sc,l10n_es.account_group_2817,account.data_account_type_fixed_assets,
account_sc_28171810,Amortització acumulada Routers ADSL 2018,28171810,somconnexio.account_chart_template_sc,l10n_es.account_group_2817,account.data_account_type_fixed_assets,
account_sc_28171901, Amortit. acumul.components informàtics varis 2019,28171901,somconnexio.account_chart_template_sc,l10n_es.account_group_2817,account.data_account_type_fixed_assets,
account_sc_28171902,Amortització acumulada Monitors 2019,28171902,somconnexio.account_chart_template_sc,l10n_es.account_group_2817,account.data_account_type_fixed_assets,
account_sc_28171903,Amortització acumulada Ordinadors 2019,28171903,somconnexio.account_chart_template_sc,l10n_es.account_group_2817,account.data_account_type_fixed_assets,
account_sc_28171910,Amortització acumulada Routers ADSL 2019,28171910,somconnexio.account_chart_template_sc,l10n_es.account_group_2817,account.data_account_type_fixed_assets,
account_sc_28190001,Amortización acumulada terminal centralita,28190001,somconnexio.account_chart_template_sc,l10n_es.account_group_2819,account.data_account_type_fixed_assets,
account_sc_28190002,Amortización acumulada Router,28190002,somconnexio.account_chart_template_sc,l10n_es.account_group_2819,account.data_account_type_fixed_assets,
account_sc_28190003,Amortización acumulada terminal centralita,28190003,somconnexio.account_chart_template_sc,l10n_es.account_group_2819,account.data_account_type_fixed_assets,
account_sc_28191702,Amortización acumulada Telèfon Samsung A3,28191702,somconnexio.account_chart_template_sc,l10n_es.account_group_2819,account.data_account_type_fixed_assets,
account_sc_28191703,Amortización acumulada Plegadora,28191703,somconnexio.account_chart_template_sc,l10n_es.account_group_2819,account.data_account_type_fixed_assets,
account_sc_28191901,Amortit. acumul.telèfon ZTE Blade V8 Lite 16Gb dual SIM,28191901,somconnexio.account_chart_template_sc,l10n_es.account_group_2819,account.data_account_type_fixed_assets,
account_sc_35000010,Serveis Telefonia móvil,35000010,somconnexio.account_chart_template_sc,l10n_es.account_group_350,account.data_account_type_current_assets,
account_sc_35000020,Serveis Telefonia BA,35000020,somconnexio.account_chart_template_sc,l10n_es.account_group_350,account.data_account_type_current_assets,
account_sc_35000030,Serveis marge mòbil MM,35000030,somconnexio.account_chart_template_sc,l10n_es.account_group_350,account.data_account_type_current_assets,
account_sc_35000040,Serveis marge BA MM,35000040,somconnexio.account_chart_template_sc,l10n_es.account_group_350,account.data_account_type_current_assets,
account_sc_41090001,Factures pendents de formalitzar,41090001,somconnexio.account_chart_template_sc,l10n_es.account_group_4109,account.data_account_type_payable,TRUE
account_sc_43000001,Clients Telefonia mòbil,43000001,somconnexio.account_chart_template_sc,l10n_es.account_group_4300,account.data_account_type_receivable,TRUE
account_sc_43000002,Clients Telefonia BA,43000002,somconnexio.account_chart_template_sc,l10n_es.account_group_4300,account.data_account_type_receivable,TRUE
account_sc_43390010,Factures mòbil pendent de formalitzar,43390010,somconnexio.account_chart_template_sc,l10n_es.account_group_4339,account.data_account_type_receivable,TRUE
account_sc_43390020,Factures BA pendent de formalitzar,43390020,somconnexio.account_chart_template_sc,l10n_es.account_group_4339,account.data_account_type_receivable,TRUE
account_sc_43800001,Anticipos de socis Més Opcions,43800001,somconnexio.account_chart_template_sc,l10n_es.account_group_438,account.data_account_type_receivable,TRUE
account_sc_44000001,Deuda socis futurs,44000001,somconnexio.account_chart_template_sc,l10n_es.account_group_440,account.data_account_type_receivable,TRUE
account_sc_47000001,"Hacienda Pública, deudora por IGIC",47000001,somconnexio.account_chart_template_sc,l10n_es.account_group_4700,account.data_account_type_current_assets,
account_sc_47200004,Hacienda Pública. IVA soportado 4%,47200004,somconnexio.account_chart_template_sc,l10n_es.account_group_472,account.data_account_type_current_assets,
account_sc_47200007,Hacienda Pública. IVA soportado 7%,47200007,somconnexio.account_chart_template_sc,l10n_es.account_group_472,account.data_account_type_current_assets,
account_sc_47200008,Hacienda Pública. IVA soportado 8%,47200008,somconnexio.account_chart_template_sc,l10n_es.account_group_472,account.data_account_type_current_assets,
account_sc_47200010,Hacienda Pública. IVA soportado 10%,47200010,somconnexio.account_chart_template_sc,l10n_es.account_group_472,account.data_account_type_current_assets,
account_sc_47200012,Hacienda Pública. IVA soportado 12%,47200012,somconnexio.account_chart_template_sc,l10n_es.account_group_472,account.data_account_type_current_assets,
account_sc_47200016,Hacienda Pública. IVA soportado 16%,47200016,somconnexio.account_chart_template_sc,l10n_es.account_group_472,account.data_account_type_current_assets,
account_sc_47200018,Hacienda Pública. IVA soportado 18%,47200018,somconnexio.account_chart_template_sc,l10n_es.account_group_472,account.data_account_type_current_assets,
account_sc_47200021,Hacienda Pública. IVA soportado 21%,47200021,somconnexio.account_chart_template_sc,l10n_es.account_group_472,account.data_account_type_current_assets,
account_sc_47210004,Hacienda Pública. IVA Recargo de Equivalencia 0.5%,47210004,somconnexio.account_chart_template_sc,l10n_es.account_group_472,account.data_account_type_current_assets,
account_sc_47210008,Hacienda Pública. IVA Recargo de Equivalencia 1%,47210008,somconnexio.account_chart_template_sc,l10n_es.account_group_472,account.data_account_type_current_assets,
account_sc_47210010,Hacienda Pública. IVA Recargo de Equivalencia 1.4%,47210010,somconnexio.account_chart_template_sc,l10n_es.account_group_472,account.data_account_type_current_assets,
account_sc_47210018,Hacienda Pública. IVA Recargo de Equivalencia 4%,47210018,somconnexio.account_chart_template_sc,l10n_es.account_group_472,account.data_account_type_current_assets,
account_sc_47210021,Hacienda Pública. IVA Recargo de Equivalencia 5.2%,47210021,somconnexio.account_chart_template_sc,l10n_es.account_group_472,account.data_account_type_current_assets,
account_sc_47220000,Hacienda Pública. IGIC soportado 0%,47220000,somconnexio.account_chart_template_sc,l10n_es.account_group_472,account.data_account_type_current_assets,
account_sc_47220003,Hacienda Pública. IGIC soportado 3%,47220003,somconnexio.account_chart_template_sc,l10n_es.account_group_472,account.data_account_type_current_assets,
account_sc_47220007,Hacienda Pública. IGIC soportado 7%,47220007,somconnexio.account_chart_template_sc,l10n_es.account_group_472,account.data_account_type_current_assets,
account_sc_47220013,"Hacienda Pública. IGIC soportado 13,5%",47220013,somconnexio.account_chart_template_sc,l10n_es.account_group_472,account.data_account_type_current_assets,
account_sc_47220095,"Hacienda Pública. IGIC soportado 9,5%",47220095,somconnexio.account_chart_template_sc,l10n_es.account_group_472,account.data_account_type_current_assets,
account_sc_47290004,Hacienda Pública. IVA soportado pendiente de pago 4%,47290004,somconnexio.account_chart_template_sc,l10n_es.account_group_472,account.data_account_type_current_assets,
account_sc_47290010,Hacienda Pública. IVA soportado pendiente de pago 10%,47290010,somconnexio.account_chart_template_sc,l10n_es.account_group_472,account.data_account_type_current_assets,
account_sc_47290021,Hacienda Pública. IVA soportado pendiente de pago 21%,47290021,somconnexio.account_chart_template_sc,l10n_es.account_group_472,account.data_account_type_current_assets,
account_sc_47300001,Hacienda Pública. Retenciones a cuenta empresarios módulos 1%,47300001,somconnexio.account_chart_template_sc,l10n_es.account_group_473,account.data_account_type_current_assets,
account_sc_47300002,"Hacienda Pública. Retenciones a cuenta act. agrícolas, ganaderas, forestales 2%",47300002,somconnexio.account_chart_template_sc,l10n_es.account_group_473,account.data_account_type_current_assets,
account_sc_47300007,Hacienda Pública. Retenciones a cuenta act. profesionales 7%,47300007,somconnexio.account_chart_template_sc,l10n_es.account_group_473,account.data_account_type_current_assets,
account_sc_47300009,Hacienda Pública. Retenciones a cuenta act. profesionales 9%,47300009,somconnexio.account_chart_template_sc,l10n_es.account_group_473,account.data_account_type_current_assets,
account_sc_47300015,Hacienda Pública. Retenciones a cuenta act. profesionales 15%,47300015,somconnexio.account_chart_template_sc,l10n_es.account_group_473,account.data_account_type_current_assets,
account_sc_47300018,"Hacienda Pública. Retenciones a cuenta arrendamientos, cap. mobiliario 18%",47300018,somconnexio.account_chart_template_sc,l10n_es.account_group_473,account.data_account_type_current_assets,
account_sc_47300019,"Hacienda Pública. Retenciones a cuenta arrendamientos, cap. mobiliario 19%",47300019,somconnexio.account_chart_template_sc,l10n_es.account_group_473,account.data_account_type_current_assets,
account_sc_47300020,"Hacienda Pública. Retenciones a cuenta arrendamientos, cap. mobiliario 20%",47300020,somconnexio.account_chart_template_sc,l10n_es.account_group_473,account.data_account_type_current_assets,
account_sc_47300021,"Hacienda Pública. Retenciones a cuenta arrendamientos, cap. mobiliario 21%",47300021,somconnexio.account_chart_template_sc,l10n_es.account_group_473,account.data_account_type_current_assets,
account_sc_47300095,"Hacienda Pública. Retenciones a cuenta arrendamientos, cap. mobiliario 19,5%",47300095,somconnexio.account_chart_template_sc,l10n_es.account_group_473,account.data_account_type_current_assets,
account_sc_47500001,"Hacienda Pública, acreedora por IGIC",47500001,somconnexio.account_chart_template_sc,l10n_es.account_group_4750,account.data_account_type_current_liabilities,
account_sc_47502016,"Hacienda Pública, acreedora por IVA 2016 pendiente AEAT",47502016,somconnexio.account_chart_template_sc,l10n_es.account_group_4750,account.data_account_type_current_liabilities,
account_sc_47510001,Hacienda Pública. Retenciones empresarios módulos 1%,47510001,somconnexio.account_chart_template_sc,l10n_es.account_group_4751,account.data_account_type_current_liabilities,
account_sc_47510002,"Hacienda Pública. Retenciones act. agrícolas, ganaderas, forestales 2%",47510002,somconnexio.account_chart_template_sc,l10n_es.account_group_4751,account.data_account_type_current_liabilities,
account_sc_47510007,Hacienda Pública. Retenciones act. profesionales 7%,47510007,somconnexio.account_chart_template_sc,l10n_es.account_group_4751,account.data_account_type_current_liabilities,
account_sc_47510009,Hacienda Pública. Retenciones act. profesionales 9%,47510009,somconnexio.account_chart_template_sc,l10n_es.account_group_4751,account.data_account_type_current_liabilities,
account_sc_47510015,Hacienda Pública. Retenciones act. profesionales 15%,47510015,somconnexio.account_chart_template_sc,l10n_es.account_group_4751,account.data_account_type_current_liabilities,
account_sc_47510018,"Hacienda Pública. Retenciones arrendamientos, cap. mobiliario 18%",47510018,somconnexio.account_chart_template_sc,l10n_es.account_group_4751,account.data_account_type_current_liabilities,
account_sc_47510019,"Hacienda Pública. Retenciones arrendamientos, cap. mobiliario 19%",47510019,somconnexio.account_chart_template_sc,l10n_es.account_group_4751,account.data_account_type_current_liabilities,
account_sc_47510020,"Hacienda Pública. Retenciones arrendamientos, cap. mobiliario 20%",47510020,somconnexio.account_chart_template_sc,l10n_es.account_group_4751,account.data_account_type_current_liabilities,
account_sc_47510021,"Hacienda Pública. Retenciones arrendamientos, cap. mobiliario 21%",47510021,somconnexio.account_chart_template_sc,l10n_es.account_group_4751,account.data_account_type_current_liabilities,
account_sc_47510095,"Hacienda Pública. Retenciones arrendamientos, cap. mobiliario 19,5%",47510095,somconnexio.account_chart_template_sc,l10n_es.account_group_4751,account.data_account_type_current_liabilities,
account_sc_47700004,Hacienda Pública. IVA repercutido 4%,47700004,somconnexio.account_chart_template_sc,l10n_es.account_group_477,account.data_account_type_current_liabilities,
account_sc_47700007,Hacienda Pública. IVA repercutido 7%,47700007,somconnexio.account_chart_template_sc,l10n_es.account_group_477,account.data_account_type_current_liabilities,
account_sc_47700008,Hacienda Pública. IVA repercutido 8%,47700008,somconnexio.account_chart_template_sc,l10n_es.account_group_477,account.data_account_type_current_liabilities,
account_sc_47700010,Hacienda Pública. IVA repercutido 10%,47700010,somconnexio.account_chart_template_sc,l10n_es.account_group_477,account.data_account_type_current_liabilities,
account_sc_47700016,Hacienda Pública. IVA repercutido 16%,47700016,somconnexio.account_chart_template_sc,l10n_es.account_group_477,account.data_account_type_current_liabilities,
account_sc_47700018,Hacienda Pública. IVA repercutido 18%,47700018,somconnexio.account_chart_template_sc,l10n_es.account_group_477,account.data_account_type_current_liabilities,
account_sc_47700021,Hacienda Pública. IVA repercutido 21%,47700021,somconnexio.account_chart_template_sc,l10n_es.account_group_477,account.data_account_type_current_liabilities,
account_sc_47710004,Hacienda Pública. IVA soportado. Recargo de Equivalencia 0.5%,47710004,somconnexio.account_chart_template_sc,somconnexio.account_group_4771,account.data_account_type_current_liabilities,
account_sc_47710008,Hacienda Pública. IVA soportado. Recargo de Equivalencia 1%,47710008,somconnexio.account_chart_template_sc,somconnexio.account_group_4771,account.data_account_type_current_liabilities,
account_sc_47710010,Hacienda Pública. IVA soportado. Recargo de Equivalencia 1.4%,47710010,somconnexio.account_chart_template_sc,somconnexio.account_group_4771,account.data_account_type_current_liabilities,
account_sc_47710018,Hacienda Pública. IVA soportado. Recargo de Equivalencia 4%,47710018,somconnexio.account_chart_template_sc,somconnexio.account_group_4771,account.data_account_type_current_liabilities,
account_sc_47710021,Hacienda Pública. IVA soportado. Recargo de Equivalencia 5.2%,47710021,somconnexio.account_chart_template_sc,somconnexio.account_group_4771,account.data_account_type_current_liabilities,
account_sc_47720000,Hacienda Pública. IGIC repercutido 0%,47720000,somconnexio.account_chart_template_sc,somconnexio.account_group_4772,account.data_account_type_current_liabilities,
account_sc_47720003,Hacienda Pública. IGIC repercutido 3%,47720003,somconnexio.account_chart_template_sc,somconnexio.account_group_4772,account.data_account_type_current_liabilities,
account_sc_47720007,Hacienda Pública. IGIC repercutido 7%,47720007,somconnexio.account_chart_template_sc,somconnexio.account_group_4772,account.data_account_type_current_liabilities,
account_sc_47720013,"Hacienda Pública. IGIC repercutido 13,5%",47720013,somconnexio.account_chart_template_sc,somconnexio.account_group_4772,account.data_account_type_current_liabilities,
account_sc_47720095,"Hacienda Pública. IGIC repercutido 9,5%",47720095,somconnexio.account_chart_template_sc,somconnexio.account_group_4772,account.data_account_type_current_liabilities,
account_sc_47790004,Hacienda Pública. IVA repercutido pendiente de cobro 4%,47790004,somconnexio.account_chart_template_sc,l10n_es.account_group_477,account.data_account_type_current_liabilities,
account_sc_47790010,Hacienda Pública. IVA repercutido pendiente de cobro 10%,47790010,somconnexio.account_chart_template_sc,l10n_es.account_group_477,account.data_account_type_current_liabilities,
account_sc_47790021,Hacienda Pública. IVA repercutido pendiente de cobro 21%,47790021,somconnexio.account_chart_template_sc,l10n_es.account_group_477,account.data_account_type_current_liabilities,
account_sc_55230001,Associació Eticom Som Connexió,55230001,somconnexio.account_chart_template_sc,l10n_es.account_group_5523,account.data_account_type_current_assets,
account_sc_55500001,Partid. pend.aplicación Saldo C.Guissona 2016,55500001,somconnexio.account_chart_template_sc,l10n_es.account_group_555,account.data_account_type_current_liabilities,
account_sc_55500002,Partid. pend.aplicación Saldo C.Guissona 2017,55500002,somconnexio.account_chart_template_sc,l10n_es.account_group_555,account.data_account_type_current_liabilities,
account_sc_55500003,Partid. pend.aplicación Saldo C.Guissona 2018,55500003,somconnexio.account_chart_template_sc,l10n_es.account_group_555,account.data_account_type_current_liabilities,
account_sc_55500004,Partid. pend.aplicación Saldo C.Guissona 2019,55500004,somconnexio.account_chart_template_sc,l10n_es.account_group_555,account.data_account_type_current_liabilities,
account_sc_55850001,Socis capital social fraccionat,55850001,somconnexio.account_chart_template_sc,l10n_es.account_group_5585,account.data_account_type_non_current_liabilities,
account_sc_55850010,Socis capital social fraccionat (II),55850010,somconnexio.account_chart_template_sc,l10n_es.account_group_5585,account.data_account_type_non_current_liabilities,
account_sc_56100016,Quota Més Opcions rebuda,56100016,somconnexio.account_chart_template_sc,l10n_es.account_group_561,account.data_account_type_current_liabilities,
account_sc_57000003,Compte pre-pagament Correos,57000003,somconnexio.account_chart_template_sc,l10n_es.account_group_570,account.data_account_type_liquidity,
account_sc_57200001,Caixa Guissona,57200001,somconnexio.account_chart_template_sc,l10n_es.account_group_572,account.data_account_type_liquidity,
account_sc_57200002,Fiare,57200002,somconnexio.account_chart_template_sc,l10n_es.account_group_572,account.data_account_type_liquidity,
account_sc_60200020,Compra routers,60200020,somconnexio.account_chart_template_sc,l10n_es.account_group_602,account.data_account_type_expenses,
account_sc_60200021,Enviaments Routers,60200021,somconnexio.account_chart_template_sc,l10n_es.account_group_602,account.data_account_type_expenses,
account_sc_60200030,Altres compres,60200030,somconnexio.account_chart_template_sc,l10n_es.account_group_602,account.data_account_type_expenses,
account_sc_60200040,Compra material informàtic,60200040,somconnexio.account_chart_template_sc,l10n_es.account_group_602,account.data_account_type_expenses,
account_sc_60700010,Telefonía móvil,60700010,somconnexio.account_chart_template_sc,l10n_es.account_group_607,account.data_account_type_expenses,
account_sc_60700011,SIM,60700011,somconnexio.account_chart_template_sc,l10n_es.account_group_607,account.data_account_type_expenses,
account_sc_60700012,Telefonía Banda Ancha,60700012,somconnexio.account_chart_template_sc,l10n_es.account_group_607,account.data_account_type_expenses,
account_sc_60700013,Voz IP,60700013,somconnexio.account_chart_template_sc,l10n_es.account_group_607,account.data_account_type_expenses,
account_sc_60700014,ADSL,60700014,somconnexio.account_chart_template_sc,l10n_es.account_group_607,account.data_account_type_expenses,
account_sc_60700015,Fibra MM,60700015,somconnexio.account_chart_template_sc,l10n_es.account_group_607,account.data_account_type_expenses,
account_sc_60800010,Devoluciones Telefonía móvil,60800010,somconnexio.account_chart_template_sc,l10n_es.account_group_6080,account.data_account_type_expenses,
account_sc_60800012,Devoluciones Telefonía Banda Ancha,60800012,somconnexio.account_chart_template_sc,l10n_es.account_group_6080,account.data_account_type_expenses,
account_sc_62300001,Servicios Profesionales,62300001,somconnexio.account_chart_template_sc,l10n_es.account_group_623,account.data_account_type_expenses,
account_sc_62300002,Servicios Juridicos,62300002,somconnexio.account_chart_template_sc,l10n_es.account_group_623,account.data_account_type_expenses,
account_sc_62300003,Mantenimiento WEB,62300003,somconnexio.account_chart_template_sc,l10n_es.account_group_623,account.data_account_type_expenses,
account_sc_62300004,Mantenimiento ERP,62300004,somconnexio.account_chart_template_sc,l10n_es.account_group_623,account.data_account_type_expenses,
account_sc_62300005,Mantenimiento aplicació gestió tiquets,62300005,somconnexio.account_chart_template_sc,l10n_es.account_group_623,account.data_account_type_expenses,
account_sc_62300006,Mantenimento Opencell,62300006,somconnexio.account_chart_template_sc,l10n_es.account_group_623,account.data_account_type_expenses,
account_sc_62300007,Llicència Adobe writer,62300007,somconnexio.account_chart_template_sc,l10n_es.account_group_623,account.data_account_type_expenses,
account_sc_62300008,Consultoria,62300008,somconnexio.account_chart_template_sc,l10n_es.account_group_623,account.data_account_type_expenses,
account_sc_62300009,Foment de la participació de les persones sòcies,62300009,somconnexio.account_chart_template_sc,l10n_es.account_group_623,account.data_account_type_expenses,
account_sc_62300010,Manteniment servidor diferents aplicacions,62300010,somconnexio.account_chart_template_sc,l10n_es.account_group_623,account.data_account_type_expenses,
account_sc_62700001,Campanya publicitària xarxes,62700001,somconnexio.account_chart_template_sc,l10n_es.account_group_627,account.data_account_type_expenses,
account_sc_62800001,Telefonia mòbil,62800001,somconnexio.account_chart_template_sc,l10n_es.account_group_628,account.data_account_type_expenses,
account_sc_62800002,Centralita + Fibra,62800002,somconnexio.account_chart_template_sc,l10n_es.account_group_628,account.data_account_type_expenses,
account_sc_62900001,Material de Oficina,62900001,somconnexio.account_chart_template_sc,l10n_es.account_group_629,account.data_account_type_expenses,
account_sc_62900002,Gastos Locomoción,62900002,somconnexio.account_chart_template_sc,l10n_es.account_group_629,account.data_account_type_expenses,
account_sc_62900003,Dietas y gastos de viaje,62900003,somconnexio.account_chart_template_sc,l10n_es.account_group_629,account.data_account_type_expenses,
account_sc_62900008,Servicios CORREOS,62900008,somconnexio.account_chart_template_sc,l10n_es.account_group_629,account.data_account_type_expenses,
account_sc_62900009,Enviaments Missatgeria,62900009,somconnexio.account_chart_template_sc,l10n_es.account_group_629,account.data_account_type_expenses,
account_sc_62900010,Quotes Aliances,62900010,somconnexio.account_chart_template_sc,l10n_es.account_group_629,account.data_account_type_expenses,
account_sc_63000001,Impost sobre Societats,63000001,somconnexio.account_chart_template_sc,l10n_es.account_group_6300,account.data_account_type_expenses,
account_sc_64000001,Retribuc. en espècie,64000001,somconnexio.account_chart_template_sc,l10n_es.account_group_640,account.data_account_type_expenses,
account_sc_65700000,Dotació al FEFP,65700000,somconnexio.account_chart_template_sc,l10n_es.account_group_65,account.data_account_type_expenses,
account_sc_65900001,Compensació per pèrdua en funcionalitat del terminal,65900001,somconnexio.account_chart_template_sc,l10n_es.account_group_659,account.data_account_type_expenses,
account_sc_67800001,Donacions realitzades,67800001,somconnexio.account_chart_template_sc,l10n_es.account_group_678,account.data_account_type_expenses,
account_sc_68000001,Amortitzación Desarrollo Doxser,68000001,somconnexio.account_chart_template_sc,l10n_es.account_group_680,account.data_account_type_expenses,
account_sc_68000002,Amortitzación Desarrollo ERP,68000002,somconnexio.account_chart_template_sc,l10n_es.account_group_680,account.data_account_type_expenses,
account_sc_68000003,Amortitzación Desarrollo WEB,68000003,somconnexio.account_chart_template_sc,l10n_es.account_group_680,account.data_account_type_expenses,
account_sc_68000004,Amortitzación Campaña Choque,68000004,somconnexio.account_chart_template_sc,l10n_es.account_group_680,account.data_account_type_expenses,
account_sc_68000006,Amortitzación Desarrollo Guifi Net,68000006,somconnexio.account_chart_template_sc,l10n_es.account_group_680,account.data_account_type_expenses,
account_sc_68000007,Amortitzación Desarrollo IP fija,68000007,somconnexio.account_chart_template_sc,l10n_es.account_group_680,account.data_account_type_expenses,
account_sc_68011803,Amortització Desenvol.nova WEB 2018,68011803,somconnexio.account_chart_template_sc,l10n_es.account_group_680,account.data_account_type_expenses,
account_sc_68011804,Amortització Desenv. ERP 2018,68011804,somconnexio.account_chart_template_sc,l10n_es.account_group_680,account.data_account_type_expenses,
account_sc_68011901,Amortització Desenv. OTRS 2019,68011901,somconnexio.account_chart_template_sc,l10n_es.account_group_680,account.data_account_type_expenses,
account_sc_68011903,Amortització Desenvol.nova WEB 2019,68011903,somconnexio.account_chart_template_sc,l10n_es.account_group_680,account.data_account_type_expenses,
account_sc_68017001,Amortització nova marca Som Connexió,68017001,somconnexio.account_chart_template_sc,l10n_es.account_group_680,account.data_account_type_expenses,
account_sc_68017003,Amortització Desenv. nova WEB,68017003,somconnexio.account_chart_template_sc,l10n_es.account_group_680,account.data_account_type_expenses,
account_sc_68017004,Amortització Desenv. ERP 2017,68017004,somconnexio.account_chart_template_sc,l10n_es.account_group_680,account.data_account_type_expenses,
account_sc_68017005,AmortitzacióAplic.Gestió tickets 2017,68017005,somconnexio.account_chart_template_sc,l10n_es.account_group_680,account.data_account_type_expenses,
account_sc_68061801,Amortizació Aplicació gestió tiquets (Exevi SL),68061801,somconnexio.account_chart_template_sc,l10n_es.account_group_680,account.data_account_type_expenses,
account_sc_68130173,Amortización plegadora 2017,68130173,somconnexio.account_chart_template_sc,l10n_es.account_group_681,account.data_account_type_expenses,
account_sc_68161801,Amortizació Mobiliari 2018,68161801,somconnexio.account_chart_template_sc,l10n_es.account_group_681,account.data_account_type_expenses,
account_sc_68161901,Amortizació Mobiliari 2019,68161901,somconnexio.account_chart_template_sc,l10n_es.account_group_681,account.data_account_type_expenses,
account_sc_68170000,Amortización equipos informáticos,68170000,somconnexio.account_chart_template_sc,l10n_es.account_group_681,account.data_account_type_expenses,
account_sc_68171702,Amortització Monitors 2017,68171702,somconnexio.account_chart_template_sc,l10n_es.account_group_681,account.data_account_type_expenses,
account_sc_68171703,Amortització Ordinadors 2017,68171703,somconnexio.account_chart_template_sc,l10n_es.account_group_681,account.data_account_type_expenses,
account_sc_68171710,Amortització Routers ADSL,68171710,somconnexio.account_chart_template_sc,l10n_es.account_group_681,account.data_account_type_expenses,
account_sc_68171801,Amortització Components Informàtics Varis 2018,68171801,somconnexio.account_chart_template_sc,l10n_es.account_group_681,account.data_account_type_expenses,
account_sc_68171802,Amortització Monitors 2018,68171802,somconnexio.account_chart_template_sc,l10n_es.account_group_681,account.data_account_type_expenses,
account_sc_68171803,Amortització Ordinadors 2018,68171803,somconnexio.account_chart_template_sc,l10n_es.account_group_681,account.data_account_type_expenses,
account_sc_68171804,Amortització components informàtics 2018,68171804,somconnexio.account_chart_template_sc,l10n_es.account_group_681,account.data_account_type_expenses,
account_sc_68171810,Amortització Routers ADSL 2018,68171810,somconnexio.account_chart_template_sc,l10n_es.account_group_681,account.data_account_type_expenses,
account_sc_68171901,Amortització Components Informàtics Varis 2019,68171901,somconnexio.account_chart_template_sc,l10n_es.account_group_681,account.data_account_type_expenses,
account_sc_68171902,Amortització Monitors 2019,68171902,somconnexio.account_chart_template_sc,l10n_es.account_group_681,account.data_account_type_expenses,
account_sc_68171903,Amortització acumulada Ordinadors 2019,68171903,somconnexio.account_chart_template_sc,l10n_es.account_group_681,account.data_account_type_expenses,
account_sc_68171910,Amortització Routers ADSL 2019,68171910,somconnexio.account_chart_template_sc,l10n_es.account_group_681,account.data_account_type_expenses,
account_sc_68190001,Amortización Centralita,68190001,somconnexio.account_chart_template_sc,l10n_es.account_group_681,account.data_account_type_expenses,
account_sc_68190002,Amortización Router,68190002,somconnexio.account_chart_template_sc,l10n_es.account_group_681,account.data_account_type_expenses,
account_sc_68191702,Amortización Telèfon Samsung A3,68191702,somconnexio.account_chart_template_sc,l10n_es.account_group_681,account.data_account_type_expenses,
account_sc_68191901,Amortització telèfon ZTE Blade V8 Lite 16Gb dual SIM,68191901,somconnexio.account_chart_template_sc,l10n_es.account_group_681,account.data_account_type_expenses,
account_sc_70100010,Ventas de terminales,70100010,somconnexio.account_chart_template_sc,somconnexio.account_group_7010,account.data_account_type_revenue,
account_sc_70500001,Ventas Telefonía móvil,70500001,somconnexio.account_chart_template_sc,somconnexio.account_group_7050,account.data_account_type_revenue,
account_sc_70500002,Ventas Telefonía fija+internet,70500002,somconnexio.account_chart_template_sc,somconnexio.account_group_7050,account.data_account_type_revenue,
account_sc_70500003,Ingresos comisión Telefonía móvil,70500003,somconnexio.account_chart_template_sc,somconnexio.account_group_7050,account.data_account_type_revenue,
account_sc_70500004,Ingresos comisión Telefonía fija+internet,70500004,somconnexio.account_chart_template_sc,somconnexio.account_group_7050,account.data_account_type_revenue,
account_sc_70500005,Conferencias,70500005,somconnexio.account_chart_template_sc,somconnexio.account_group_7050,account.data_account_type_revenue,
account_sc_70500006,Otros ingresos,70500006,somconnexio.account_chart_template_sc,somconnexio.account_group_7050,account.data_account_type_revenue,
account_sc_70500010,Ventas Telefonía móvil,70500010,somconnexio.account_chart_template_sc,somconnexio.account_group_7050,account.data_account_type_revenue,
account_sc_70500011,Ventas SIM,70500011,somconnexio.account_chart_template_sc,somconnexio.account_group_7050,account.data_account_type_revenue,
account_sc_70500012,Ventas envío SIM,70500012,somconnexio.account_chart_template_sc,somconnexio.account_group_7050,account.data_account_type_revenue,
account_sc_70500020,Ventas Telefonía fija+internet,70500020,somconnexio.account_chart_template_sc,somconnexio.account_group_7050,account.data_account_type_revenue,
account_sc_70500030,Ingresos comisión Telefonía móvil,70500030,somconnexio.account_chart_template_sc,somconnexio.account_group_7050,account.data_account_type_revenue,
account_sc_70500040,Ingresos comisión Telefonía fija+internet,70500040,somconnexio.account_chart_template_sc,somconnexio.account_group_7050,account.data_account_type_revenue,
account_sc_70500050,Conferencias,70500050,somconnexio.account_chart_template_sc,somconnexio.account_group_7050,account.data_account_type_revenue,
account_sc_70500060,Otros ingresos,70500060,somconnexio.account_chart_template_sc,somconnexio.account_group_7050,account.data_account_type_revenue,
account_sc_70800003,Devolució Vendes Telefonia mòbil,70800003,somconnexio.account_chart_template_sc,l10n_es.account_group_7080,account.data_account_type_revenue,
account_sc_70800010,Devolucions telefonia mòbil,70800010,somconnexio.account_chart_template_sc,l10n_es.account_group_7080,account.data_account_type_revenue,
account_sc_70800020,Devolucions telefonia banda ampla,70800020,somconnexio.account_chart_template_sc,l10n_es.account_group_7080,account.data_account_type_revenue,
account_sc_70800030,Devolucions marge telefonia mòbil,70800030,somconnexio.account_chart_template_sc,l10n_es.account_group_7080,account.data_account_type_revenue,
account_sc_70800040,Devolucions marge telefonia banda ampla,70800040,somconnexio.account_chart_template_sc,l10n_es.account_group_7080,account.data_account_type_revenue,
account_sc_71200010,Variación de servicios telefonia móvil,71200010,somconnexio.account_chart_template_sc,l10n_es.account_group_712,account.data_account_type_revenue,
account_sc_71200020,Variación de servicios telefonia BA,71200020,somconnexio.account_chart_template_sc,l10n_es.account_group_712,account.data_account_type_revenue,
account_sc_71200030,Variación de servicios margen telefonía móvil,71200030,somconnexio.account_chart_template_sc,l10n_es.account_group_712,account.data_account_type_revenue,
account_sc_71200040,Variación de servicios margen fibra,71200040,somconnexio.account_chart_template_sc,l10n_es.account_group_712,account.data_account_type_revenue,
account_sc_74000001,Subv. Generalitat Catalunya projecte Singulars,74000001,somconnexio.account_chart_template_sc,l10n_es.account_group_740,account.data_account_type_revenue,
account_sc_75720000,Donaciones Imputables al FEFP,75720000,somconnexio.account_chart_template_sc,somconnexio.account_group_757,account.data_account_type_revenue,
